<?xml version="1.0" encoding="UTF-8"?>
<project-private xmlns="http://www.netbeans.org/ns/project-private/1">
    <editor-bookmarks xmlns="http://www.netbeans.org/ns/editor-bookmarks/2" lastBookmarkId="0"/>
    <open-files xmlns="http://www.netbeans.org/ns/projectui-open-files/2">
        <group name="test">
            <file>file:/C:/Users/steven.hickey/Documents/Workspace/test/GetSetSample/src/getsetsample/GetSetSample.java</file>
            <file>file:/C:/Users/steven.hickey/Documents/Workspace/test/GetSetSample/src/getsetsample/TimeCount.java</file>
        </group>
        <group name="TestCode">
            <file>file:/C:/Program%20Files/NetBeans%208.0.2/WorkSpace/TestCode/GetSetSample/src/getsetsample/GetSetSample.java</file>
            <file>file:/C:/Program%20Files/NetBeans%208.0.2/WorkSpace/TestCode/GetSetSample/src/getsetsample/TimeCount.java</file>
        </group>
    </open-files>
</project-private>
