<?xml version="1.0" encoding="UTF-8"?>
<project-private xmlns="http://www.netbeans.org/ns/project-private/1">
    <editor-bookmarks xmlns="http://www.netbeans.org/ns/editor-bookmarks/2" lastBookmarkId="0"/>
    <open-files xmlns="http://www.netbeans.org/ns/projectui-open-files/2">
        <group name="2016Fall">
            <file>file:/C:/Program%20Files/NetBeans%208.0.2/WorkSpace/2016Fall/LozierS_Week6_SMH/src/loziers_week6_SMH/LozierS_Week6_SMH.java</file>
        </group>
        <group name="NewJava1">
            <file>file:/C:/Program%20Files/NetBeans%208.2/WorkSpace/NewJava1/Week06_Skeleton/src/week6_Skeleton/Week6_Skeleton.java</file>
        </group>
    </open-files>
</project-private>
