<?xml version="1.0" encoding="UTF-8"?>
<project-private xmlns="http://www.netbeans.org/ns/project-private/1">
    <editor-bookmarks xmlns="http://www.netbeans.org/ns/editor-bookmarks/2" lastBookmarkId="0"/>
    <open-files xmlns="http://www.netbeans.org/ns/projectui-open-files/2">
        <group name="test">
            <file>file:/C:/Users/steven.hickey/Documents/Workspace/Summer2015/Interface/src/interfaceSample/Interface.java</file>
            <file>file:/C:/Users/steven.hickey/Documents/Workspace/Summer2015/Interface/src/interfaceSample/ShutDown.java</file>
            <file>file:/C:/Users/steven.hickey/Documents/Workspace/Summer2015/Interface/src/interfaceSample/ShutDownSystem.java</file>
            <file>file:/C:/Users/steven.hickey/Documents/Workspace/Summer2015/Interface/src/interfaceSample/Suspend.java</file>
        </group>
        <group name="Summer2015"/>
    </open-files>
</project-private>
